{
  "_id": {
    "domain": "",
    "collectionPrefix": ""
  },
  "title": "MERN stack CMS App",
  "description": "MERN stack CMS site.",
  "front_page": {
    "show_on_front": "posts",
    "page_on_front": null,
    "page_for_posts": null
  },
  "footer": [
    {
      "_id": { "$oid": "5099803df3f4948bd2f98396" },
      "type": "markdown",
      "body": {
        "variant": "caption",
        "align": "center",
        "content": "©2024 MERN stack CMS App"
      },
      "order": 1
    },
    {
      "_id": { "$oid": "5099803df3f4948bd2f98396" },
      "type": "html",
      "body": {
        "variant": "body1",
        "align": "center"
            },
      "order": 2
    }
  ]
}
